,pose_0,pose_0,pose_0,pose_0,pose_1,pose_1,pose_1,pose_1,pose_2,pose_2,pose_2,pose_2,pose_3,pose_3,pose_3,pose_3,pose_4,pose_4,pose_4,pose_4,pose_5,pose_5,pose_5,pose_5
,x₉*,γ*(β'),xˆ₉*,γ*(βˆ'),x₉*,γ*(β'),xˆ₉*,γ*(βˆ'),x₉*,γ*(β'),xˆ₉*,γ*(βˆ'),x₉*,γ*(β'),xˆ₉*,γ*(βˆ'),x₉*,γ*(β'),xˆ₉*,γ*(βˆ'),x₉*,γ*(β'),xˆ₉*,γ*(βˆ')
true,G1,0.9,G1,0.9,G1,0.99,G1,0.99,G0,0.98,G0,0.98,G2,1.0,G2,1.0,G2,0.64,G2,0.64,G1,0.44,G1,0.44
∅,G1,0.3883333333333333,G1,0.3883333333333333,G1,0.3883333333333333,G1,0.3883333333333333,G1,0.3883333333333333,G1,0.3883333333333333,G1,0.3883333333333333,G1,0.3883333333333333,G1,0.3883333333333333,G1,0.3883333333333333,G1,0.3883333333333333,G1,0.3883333333333333
Q1,G1,0.8727753205560792,G1,0.8727753205560792,G1,0.9589964847918323,G1,0.9675763965016649,G0,0.9672744488034599,G0,0.9722282974651922,G2,0.9284036504831233,G2,0.9318408236138411,G2,0.6181525729481322,G2,0.6201514036136963,G1,0.4134902930874845,G1,0.41524154832858834
Q2,G1,0.8379095629755781,G1,0.8540504370758784,G1,0.7255285040740167,G1,0.7276042407385788,G0,0.9446826729294181,G0,0.9632451532997726,G2,0.6575643754976204,G2,0.8783829841262246,G2,0.4464606222369652,G2,0.44961551377650855,G1,0.4003705298045941,G1,0.40416656506849813
Q3,G1,0.7559966320917648,G1,0.8002312436447513,G1,0.9591690558992043,G1,0.9596004649674703,G0,0.881123497846803,G0,0.9062573937885473,G2,0.9032088892892243,G2,0.9111679060853468,G2,0.6374857631163303,G2,0.6378204960530224,G1,0.43075659578688746,G1,0.4309043866948226
Q4,G1,0.7449420146477529,G1,0.771566307142495,G1,0.6175147364961133,G1,0.6221755753958604,G0,0.8400332081492964,G0,0.8450147722653094,G2,0.8553295092013322,G2,0.8721588427166699,G2,0.37355545696586073,G2,0.37384791361682057,G1,0.49866375375837996,G1,0.5047597813512794
