,pose_0,pose_0,pose_0,pose_0,pose_1,pose_1,pose_1,pose_1,pose_2,pose_2,pose_2,pose_2,pose_3,pose_3,pose_3,pose_3,pose_4,pose_4,pose_4,pose_4,pose_5,pose_5,pose_5,pose_5
,x₉*,γ*(β'),xˆ₉*,γ*(βˆ'),x₉*,γ*(β'),xˆ₉*,γ*(βˆ'),x₉*,γ*(β'),xˆ₉*,γ*(βˆ'),x₉*,γ*(β'),xˆ₉*,γ*(βˆ'),x₉*,γ*(β'),xˆ₉*,γ*(βˆ'),x₉*,γ*(β'),xˆ₉*,γ*(βˆ')
true,G1,0.31,G1,0.31,G1,0.22,G1,0.22,G-1,0.92,G-1,0.92,G0,0.54,G0,0.54,G2,0.34,G2,0.34,G1,0.15,G1,0.15
∅,G-1,0.19499999999999998,G-1,0.19499999999999998,G-1,0.19499999999999998,G-1,0.19499999999999998,G-1,0.19499999999999998,G-1,0.19499999999999998,G-1,0.19499999999999998,G-1,0.19499999999999998,G-1,0.19499999999999998,G-1,0.19499999999999998,G-1,0.19499999999999998,G-1,0.19499999999999998
Q1,G1,0.2765493021709737,G1,0.2765493021709737,G1,0.2061651151594771,G1,0.20810161958826792,G-1,0.815682246145314,G-1,0.8472536012932652,G0,0.4342146611846111,G0,0.4452135480162218,G2,0.30646909539816736,G2,0.3085468891895472,G1,0.13658622323902989,G1,0.13796203734450926
Q2,G1,0.2405450128057951,G1,0.2669648996783209,G1,0.17456679509682602,G1,0.1759982605742797,G-1,0.6255425108195072,G-1,0.813347684003323,G2,0.26310203252526193,G0,0.42475619008788923,G2,0.25257112318503067,G2,0.25746711998310545,G2,0.15403605574207013,G1,0.13684832414624398
Q3,G1,0.21410163598299717,G1,0.25426874823411555,G1,0.20172429175712864,G1,0.2025850883638301,G-1,0.7344766840635121,G-1,0.7793921289094342,G0,0.4212553426733432,G0,0.431963848264181,G2,0.3160074272225012,G2,0.3173812810571423,G1,0.1444547050380335,G1,0.14502810302712815
Q4,G1,0.2160557085996741,G1,0.25626223181357033,G1,0.16388379205123382,G1,0.16653487790628677,G-1,0.7142608157938084,G-1,0.7377201125747538,G0,0.4039691654916119,G0,0.4181166501473154,G2,0.23401081798863732,G2,0.23638189280356675,G1,0.13704281180787936,G1,0.1389503401512138
