,pose_0,pose_0,pose_0,pose_0,pose_1,pose_1,pose_1,pose_1,pose_2,pose_2,pose_2,pose_2,pose_3,pose_3,pose_3,pose_3,pose_4,pose_4,pose_4,pose_4,pose_5,pose_5,pose_5,pose_5
,x₉*,γ*(β'),xˆ₉*,γ*(βˆ'),x₉*,γ*(β'),xˆ₉*,γ*(βˆ'),x₉*,γ*(β'),xˆ₉*,γ*(βˆ'),x₉*,γ*(β'),xˆ₉*,γ*(βˆ'),x₉*,γ*(β'),xˆ₉*,γ*(βˆ'),x₉*,γ*(β'),xˆ₉*,γ*(βˆ')
true,G0,0.2,G0,0.2,G-1,0.06,G-1,0.06,G-1,0.09,G-1,0.09,G0,0.09,G0,0.09,G2,0.86,G2,0.86,G2,0.69,G2,0.69
∅,G2,0.29,G2,0.29,G2,0.29,G2,0.29,G2,0.29,G2,0.29,G2,0.29,G2,0.29,G2,0.29,G2,0.29,G2,0.29,G2,0.29
Q1,G0,0.07762669591754053,G0,0.07764162061932685,G0,0.07759684358747763,G0,0.07762386246161453,G0,0.07753799422834874,G0,0.07753912434452664,G0,0.07753915768769451,G0,0.07753912434779488,G2,0.7744051413506592,G2,0.7742672346200803,G2,0.7744051413506592,G2,0.7742672346200803
Q2,G0,0.15312966053516558,G0,0.15249315433600422,G-1,0.05436763129664199,G-1,0.054249151915734185,G-1,0.0707174049864333,G-1,0.07033078819074072,G0,0.11282868455673407,G0,0.11266900014764672,G2,0.7522244790124816,G2,0.7504648743972383,G2,0.7522244790124816,G2,0.7504648743972375
Q3,G0,0.07758385434423767,G0,0.0775825947401078,G0,0.07758215959498653,G0,0.07758259473759066,G0,0.07749477773012328,G0,0.07748100233190405,G0,0.07752339427961068,G0,0.07749833852732506,G2,0.7747232053296098,G2,0.7747748030212358,G2,0.7747232053296098,G2,0.7747748030212358
Q4,G0,0.1821706527570391,G0,0.18193150956663726,G-1,0.05612476526816793,G-1,0.055999028746342945,G2,0.13134483776785855,G2,0.13267964111963673,G2,0.3095776649894355,G2,0.3120394951893445,G2,0.6191502042640664,G2,0.6185150824129708,G2,0.6191502042640664,G2,0.6185150824129686
