,pose_0,pose_0,pose_0,pose_0,pose_1,pose_1,pose_1,pose_1,pose_2,pose_2,pose_2,pose_2,pose_3,pose_3,pose_3,pose_3,pose_4,pose_4,pose_4,pose_4,pose_5,pose_5,pose_5,pose_5
,x₉*,γ*(β'),xˆ₉*,γ*(βˆ'),x₉*,γ*(β'),xˆ₉*,γ*(βˆ'),x₉*,γ*(β'),xˆ₉*,γ*(βˆ'),x₉*,γ*(β'),xˆ₉*,γ*(βˆ'),x₉*,γ*(β'),xˆ₉*,γ*(βˆ'),x₉*,γ*(β'),xˆ₉*,γ*(βˆ')
true,G0,0.2,G0,0.2,G-1,0.06,G-1,0.06,G-1,0.09,G-1,0.09,G0,0.09,G0,0.09,G2,0.86,G2,0.86,G2,0.69,G2,0.69
∅,G2,0.29,G2,0.29,G2,0.29,G2,0.29,G2,0.29,G2,0.29,G2,0.29,G2,0.29,G2,0.29,G2,0.29,G2,0.29,G2,0.29
Q1,G0,0.08216812139048633,G0,0.08293146618464839,G0,0.08156382550689276,G0,0.08203580880785186,G0,0.08033564088969583,G0,0.08029720933078108,G0,0.0803582632092166,G0,0.08029720965979383,G2,0.74356051325731,G2,0.7466137092437164,G2,0.74356051325731,G2,0.7466137092437165
Q2,G0,0.16472905041000202,G0,0.16495864265588805,G2,0.09650523663721382,G2,0.0953427392075354,G2,0.09980301720755934,G2,0.09886765905000437,G0,0.13102631265323614,G0,0.1302183567064989,G2,0.7035111293375756,G2,0.7043030258086134,G2,0.7035111293375756,G2,0.7043030258086103
Q3,G0,0.08175354370360254,G0,0.08177381633528069,G0,0.08171951602391056,G0,0.08177381558682481,G0,0.07993536861149547,G0,0.07935516774084216,G0,0.08046131523151955,G0,0.0798372707957342,G2,0.7507095501022174,G2,0.7535932226940991,G2,0.7507095501022174,G2,0.7535932226940896
Q4,G0,0.1932243049122954,G0,0.193268285397663,G2,0.09238069376071756,G2,0.09204616673666494,G2,0.14986235632728287,G2,0.1492907499418979,G2,0.23339578954568171,G2,0.2321490998090564,G2,0.6249950907969558,G2,0.627118362741621,G2,0.6249950907969558,G2,0.627118362741617
